<?xml version="1.0" encoding="UTF-8"?>
<beans xmlns="http://www.springframework.org/schema/beans"
       xmlns:c="http://www.springframework.org/schema/c"
       xmlns:p="http://www.springframework.org/schema/p"
       xmlns:xsi="http://www.w3.org/2001/XMLSchema-instance"
       xmlns:tx="http://www.springframework.org/schema/tx"
       xmlns:jdbc="http://www.springframework.org/schema/jdbc"
       xsi:schemaLocation="http://www.springframework.org/schema/beans http://www.springframework.org/schema/beans/spring-beans-3.0.xsd
                           http://www.springframework.org/schema/tx http://www.springframework.org/schema/tx/spring-tx-3.0.xsd
                           http://www.springframework.org/schema/jdbc http://www.springframework.org/schema/jdbc/spring-jdbc.xsd">

  <tx:annotation-driven/>

  <jdbc:embedded-database id="dataSource">
    <jdbc:script location="classpath:schema.sql" />
    <jdbc:script location="classpath:data.sql" />
  </jdbc:embedded-database>

  <bean id="transactionManager"
        class="org.springframework.jdbc.datasource.DataSourceTransactionManager"
        p:dataSource-ref="dataSource" />

  <bean id="jdbcTemplate"
        class="org.springframework.jdbc.core.JdbcTemplate"
        p:dataSource-ref="dataSource" />

  <bean id="validator"
        class="org.springframework.validation.beanvalidation.LocalValidatorFactoryBean" />

  <bean id="personDao" class="com.aquent.crudapp.data.dao.jdbc.PersonJdbcDao">
    <property name="namedParameterJdbcTemplate">
      <bean class="org.springframework.jdbc.core.namedparam.NamedParameterJdbcTemplate" c:classicJdbcTemplate-ref="jdbcTemplate" />
    </property>
  </bean>
  
  <bean id="clientDao" class="com.aquent.crudapp.data.dao.jdbc.ClientJdbcDao">
  	<property name="namedParameterJdbcTemplate">
      <bean class="org.springframework.jdbc.core.namedparam.NamedParameterJdbcTemplate" c:classicJdbcTemplate-ref="jdbcTemplate" />
    </property>
  </bean>

  <bean id="personService"
        class="com.aquent.crudapp.service.DefaultPersonService"
        p:personDao-ref="personDao"
        p:validator-ref="validator" />
        
  <bean id="clientService"
  		class="com.aquent.crudapp.service.DefaultClientService"
  		p:clientDao-ref="clientDao"
        p:personDao-ref="personDao"
        p:validator-ref="validator" />
        
</beans>
